id,prompt
1,"A beautiful sunset over the ocean with golden clouds and calm waves"
2,"A cute orange cat wearing a tiny wizard hat, digital art"
3,"A futuristic cyberpunk city at night with neon lights and flying cars"
4,"A serene Japanese garden with cherry blossoms and a wooden bridge"
5,"A majestic dragon flying over a mountain range, fantasy art"
6,"A cozy coffee shop interior on a rainy day, warm lighting"
7,"An astronaut floating in space with Earth in the background"
8,"A beautiful watercolor painting of lavender fields in Provence"
9,"A steampunk mechanical owl with brass gears, detailed illustration"
10,"A magical forest with glowing mushrooms and fireflies at twilight"
